endpoint,run,lat_mean_s,lat_p50_s,lat_p90_s,lat_p95_s,lat_p99_s,lat_max_s,requests,rate,throughput,success,bytes_in_total,JVM_CPU_pct,Native_Memory_Reserved_GB,Native_Memory_Committed_GB,Physical_Memory_Used_GB,Heap_Used_MB
virtual,2,0.143919951,0.10859756,0.125190161,0.208158526,1.046642551,9.832742925,600000,1000.0016108459282,999.8201190865869,0.9999966666666666,19799934,,,,,
virtual,4,0.124497518,0.108805519,0.123807358,0.141385531,0.373955079,6.102789987,600000,1000.0014662588167,999.7793531457789,1,19800000,,,,,
virtual,6,0.112674829,0.108404927,0.118187534,0.127892709,0.212994313,0.56202258,600000,1000.0009166508402,999.8219480731343,1,19800000,,,,,
virtual,8,0.211555571,0.111359169,0.182734035,0.567805831,2.584162808,13.390707582,600000,1000.0016188942875,999.7818657173397,0.9999783333333333,19799571,,,,,
virtual,10,0.113992954,0.109370352,0.121481125,0.131035647,0.186572009,1.670313411,600000,1000.0016750478059,999.825100160305,1,19800000,,,,,
virtual,12,0.111145463,0.108827734,0.118019745,0.123314002,0.145225021,0.366781289,600000,1000.0012283881755,999.8196814972932,1,19800000,,,,,
virtual,14,0.114077662,0.109529698,0.124000801,0.136819047,0.1936668,0.380963344,600000,1000.0016183326189,999.7702648487009,1,19800000,,,,,
virtual,16,0.146434523,0.112616244,0.162560137,0.225949108,1.02003324,8.610516367,600000,1000.0002242667169,999.8207754655251,1,19800000,,,,,
virtual,18,11.849195618,1.099457986,36.748326973,49.380496495,72.535524951,112.452778747,600000,1000.0014286320411,843.2895734268333,0.84344,16700112,,,,,
virtual,20,0.123546462,0.109383325,0.12401202,0.146789394,0.514642901,4.828199395,600000,1000.0017908915405,994.5104287724657,1,19800000,,,,,
virtual,22,0.112073597,0.108981025,0.11922203,0.126971818,0.165841593,0.443381598,600000,1000.0011232212617,999.8221674283818,1,19800000,,,,,
virtual,24,23.762474556,18.30325548,58.841830411,71.666990502,90.598768646,144.351686377,600000,999.2683203604236,665.6337069752401,0.7026866666666667,13913196,,,,,
virtual,26,26.025987679,14.694916863,73.853786358,83.36988598,104.413438226,176.623646644,600000,1000.0012681849418,700.69234240847,0.7008183333333333,13876203,,,,,
virtual,28,0.518988479,0.111575617,0.331589281,1.611242923,12.093926693,63.569339433,600000,1000.0009459908949,995.2739388850547,0.9954566666666667,19710042,,,,,
virtual,30,0.111236712,0.108700888,0.119127164,0.125447282,0.146265758,0.299041131,600000,1000.0009873626416,999.8233922141527,1,19800000,,,,,
virtual,32,0.114524893,0.109972468,0.126907513,0.138853721,0.17944721,0.781143276,600000,1000.0004011334943,999.8230745648156,1,19800000,,,,,
virtual,34,0.111493342,0.108965187,0.11877828,0.12585047,0.150117235,0.362771636,600000,1000.0018027849167,999.8228605456122,1,19800000,,,,,
virtual,36,0.114477893,0.108915376,0.124911276,0.138611221,0.209316707,1.058011328,600000,1000.0017159779445,999.7417433620536,1,19800000,,,,,
virtual,38,0.136752696,0.108709343,0.132643832,0.194612605,0.923557216,5.290283853,600000,1000.000736472209,999.8134123881009,1,19800000,,,,,
virtual,40,0.129006874,0.109688203,0.130910866,0.173298045,0.542735306,8.725744024,600000,1000.0008017423095,999.8239697436713,0.9999983333333333,19799967,,,,,
virtual,42,0.114506952,0.108732889,0.120808525,0.131787415,0.245612524,1.232186744,599999,999.9999521765892,999.8225990492939,1,19799967,,,,,
virtual,44,0.160570866,0.109832302,0.145246118,0.212139713,1.682631179,13.729631515,600000,1000.0010205593749,999.7639198251973,0.9999866666666667,19799736,,,,,
virtual,46,0.116445897,0.110527042,0.129837725,0.144913037,0.20894931,1.254154763,600000,1000.0017824915107,999.781237150989,1,19800000,,,,,
virtual,48,0.112795295,0.109258783,0.121071798,0.130742079,0.171443283,0.357163254,600000,1000.0011323529488,999.82030002955,1,19800000,,,,,
virtual,50,0.20140883,0.111203945,0.161611376,0.378609068,2.514814476,40.148690464,600000,1000.0004450085313,999.790294434411,0.9999716666666667,19799439,,,,,
virtual,52,0.136081472,0.111351518,0.149484285,0.21050375,0.680533685,4.821936891,600000,1000.0012180581504,999.8226655330908,1,19800000,,,,,
virtual,54,0.159285252,0.110406895,0.144926147,0.212635292,1.535640291,8.192894382,600000,1000.0013921502714,999.8209748690696,1,19800000,,,,,
virtual,56,0.190986245,0.109860921,0.136086525,0.176838361,2.836587993,17.979167047,600000,1000.0017188012877,999.4304390347717,0.999605,19792179,,,,,
virtual,58,0.159254364,0.10862898,0.122271814,0.139071188,1.828304059,15.874730261,600000,1000.0011327096163,996.2972759210961,0.9999866666666667,19799736,,,,,
virtual,60,0.969446259,0.108061526,0.127189969,5.005870246,23.65564813,70.001347062,600000,1000.0012799999718,989.6367598306927,0.98982,19598436,,,,,
virtual,62,0.109934616,0.108068029,0.115950292,0.121063234,0.13652753,0.314031549,600000,1000.0010688244759,999.820826175679,1,19800000,,,,,
virtual,64,0.167188239,0.108658087,0.13386818,0.269275051,1.752252693,13.296849704,600000,1000.001359300181,999.8151576875655,0.99999,19799802,,,,,
virtual,66,0.110491713,0.108359638,0.11638752,0.121652307,0.14085589,0.446520654,599999,1000.0001259252258,999.8160071878738,1,19799967,,,,,
virtual,68,0.11149579,0.109038941,0.11759249,0.122841989,0.145560932,0.468406902,600000,1000.000598662025,999.8198581219431,1,19800000,,,,,
virtual,70,0.131670109,0.109273525,0.135261286,0.258875073,0.60517779,2.973716789,600000,1000.0005615936486,998.967687453767,1,19800000,,,,,
virtual,72,1.722521316,0.111460397,3.169119111,10.159557879,34.352193351,70.47398171,600000,1000.001387203591,983.0035034989634,0.9831766666666667,19466898,,,,,
virtual,74,57.072132158,42.954531782,135.193918691,171.265689063,210.584611927,280.796285816,599716,997.7046726407128,489.3283686540748,0.5459167339207225,10804035,,,,,
virtual,76,1.859744451,0.115549319,2.847297648,10.577836296,39.28951954,70.076096146,600000,1000.0014516921075,983.3179440776801,0.9834983333333334,19473267,,,,,
virtual,78,0.115825681,0.111203484,0.128304727,0.139246085,0.191991016,0.467422128,600000,1000.0011375962941,999.8268925063925,1,19800000,,,,,
virtual,80,0.154045865,0.112152818,0.141952945,0.177260063,1.453526795,10.983787028,600000,1000.0011728713756,999.8112227519115,1,19800000,,,,,
virtual,82,0.122625092,0.108907538,0.123833842,0.138243177,0.418200096,5.787904534,600000,1000.001559254098,999.8242231412694,1,19800000,,,,,
virtual,84,0.282572396,0.110948822,0.161401375,0.466476022,5.76928349,27.2078798,600000,1000.0012724032857,998.6769963061602,0.9988633333333333,19777494,,,,,
virtual,86,16.041569859,0.128680887,63.762974,80.534667163,105.600867218,165.759012476,599074,998.0699417366978,747.8186755129407,0.8358333027305475,16523958,,,,,
virtual,88,0.133649697,0.110193406,0.139384321,0.184778965,0.685093617,5.667396609,600000,1000.0009380425465,999.8271454105413,1,19800000,,,,,
virtual,92,0.186181622,0.108716159,0.239119896,0.542747024,1.827569146,8.621272337,600000,1000.0020157840634,998.7035864975157,0.999995,19799901,.1948097734482757800,3.5208313824486233,0.23033473901673704,7.420696669709897,46.38954438103569984436
virtual,94,0.341115386,0.109310006,0.404779251,1.265734481,6.043262678,27.453902833,599999,1000.0008461587929,999.1531221242577,0.999331665552776,19786734,.1821218105097449100,3.5309711553513288,0.6690220798694801,7.8316240824625165,170.38981246948242187500
virtual,96,0.914042624,0.111054291,1.48333147,4.452082522,18.503658003,70.029003506,600000,1000.0008590840713,995.0813458763039,0.9952633333333334,19706214,.1887070078110943000,3.521536903579937,0.26136915923464304,7.325240335064734,63.45111788236177825927
virtual,98,0.118668407,0.109229171,0.127796614,0.149621203,0.277190774,3.197598872,600000,1000.0011523063279,999.8216505292077,1,19800000,.1900578178260867500,3.521324880974657,0.24898263309736496,7.168640867678705,57.29995193481445312500
virtual,100,24.260381848,1.134925548,81.671292901,90.900345905,122.41964604,192.25726401,600000,999.9998701350169,755.4865072348937,0.755685,14962563,.1883099295052471300,3.530834651748722,0.6154804541380842,7.531756441036384,153.85275486537389755249
AVG,AVG,3.478871,1.694656,9.457554,11.988827,17.832530,34.481084,599975.244898,999.899893,961.804427,0.965904,19124272.469388,0.019265,0.359704,0.041330,0.760775,10.028228
